{
	"credit": "Made with Blockbench",
	"texture_size": [128, 128],
	"textures": {
		"boat": "biomebackport:entity/chest_boat/bamboo"
	},
	"elements": [
		{
			"name": "bottom",
			"from": [0, 0, -6],
			"to": [16, 4, 22],
			"faces": {
				"north": {"uv": [0.5, 0.5, 0, 2.5], "rotation": 270, "texture": "#boat"},
				"east": {"uv": [4, 0.5, 0.5, 0], "rotation": 180, "texture": "#boat"},
				"south": {"uv": [4.5, 0.5, 4, 2.5], "rotation": 90, "texture": "#boat"},
				"west": {"uv": [7.5, 0, 4, 0.5], "texture": "#boat"},
				"up": {"uv": [4.5, 0.5, 8, 2.5], "rotation": 90, "texture": "#boat"},
				"down": {"uv": [0.5, 0.5, 4, 2.5], "rotation": 90, "texture": "#boat"}
			}
		},
		{
			"name": "top",
			"from": [-2, 4, -6],
			"to": [18, 8, 22],
			"faces": {
				"north": {"uv": [0.5, 0.5, 0, 3], "rotation": 270, "texture": "#boat"},
				"east": {"uv": [4, 0.5, 0.5, 0], "rotation": 180, "texture": "#boat"},
				"south": {"uv": [4.5, 0.5, 4, 3], "rotation": 90, "texture": "#boat"},
				"west": {"uv": [7.5, 0, 4, 0.5], "texture": "#boat"},
				"up": {"uv": [4.5, 0.5, 8, 3], "rotation": 90, "texture": "#boat"},
				"down": {"uv": [0.5, 0.5, 4, 3], "rotation": 90, "texture": "#boat"}
			}
		},
		{
			"name": "right_oar_shaft",
			"from": [10, 9, 5],
			"to": [28, 11, 7],
			"rotation": {"angle": -45, "axis": "z", "origin": [18, 9, 6]},
			"faces": {
				"north": {"uv": [5, 5.25, 7.25, 5.5], "texture": "#boat"},
				"east": {"uv": [9.75, 5.25, 10, 5.5], "texture": "#boat"},
				"south": {"uv": [7.5, 5.25, 9.75, 5.5], "texture": "#boat"},
				"west": {"uv": [7.25, 5.25, 7.5, 5.5], "texture": "#boat"},
				"up": {"uv": [7.25, 3, 7.5, 5.25], "rotation": 90, "texture": "#boat"},
				"down": {"uv": [7.5, 3, 7.75, 5.25], "rotation": 90, "texture": "#boat"}
			}
		},
		{
			"name": "right_oar_blade",
			"from": [23, 8, 6],
			"to": [30, 14, 7],
			"rotation": {"angle": -45, "axis": "z", "origin": [18, 9, 6]},
			"faces": {
				"north": {"uv": [5, 3.875, 5.875, 4.625], "texture": "#boat"},
				"east": {"uv": [6.875, 3.875, 7, 4.625], "texture": "#boat"},
				"south": {"uv": [6, 3.875, 6.875, 4.625], "texture": "#boat"},
				"west": {"uv": [5.875, 3.875, 6, 4.625], "texture": "#boat"},
				"up": {"uv": [5.875, 3, 6, 3.875], "rotation": 90, "texture": "#boat"},
				"down": {"uv": [6, 3, 6.125, 3.875], "rotation": 90, "texture": "#boat"}
			}
		},
		{
			"name": "left_oar_shaft",
			"from": [-4, -1, 5],
			"to": [-2, 17, 7],
			"rotation": {"angle": -45, "axis": "z", "origin": [-2, 9, 6]},
			"faces": {
				"north": {"uv": [2.5, 5.25, 4.75, 5.5], "rotation": 90, "texture": "#boat"},
				"east": {"uv": [2.5, 3, 2.75, 5.25], "rotation": 180, "texture": "#boat"},
				"south": {"uv": [0, 5.25, 2.25, 5.5], "rotation": 270, "texture": "#boat"},
				"west": {"uv": [2.25, 3, 2.5, 5.25], "rotation": 180, "texture": "#boat"},
				"up": {"uv": [2.25, 5.25, 2.5, 5.5], "rotation": 270, "texture": "#boat"},
				"down": {"uv": [4.75, 5.25, 5, 5.5], "rotation": 270, "texture": "#boat"}
			}
		},
		{
			"name": "left_oar_blade",
			"from": [-7, -3, 6],
			"to": [-1, 4, 7],
			"rotation": {"angle": -45, "axis": "z", "origin": [-2, 9, 7]},
			"faces": {
				"north": {"uv": [1, 3.875, 1.875, 4.625], "rotation": 90, "texture": "#boat"},
				"east": {"uv": [1, 3, 1.125, 3.875], "rotation": 180, "texture": "#boat"},
				"south": {"uv": [0, 3.875, 0.875, 4.625], "rotation": 270, "texture": "#boat"},
				"west": {"uv": [0.875, 3, 1, 3.875], "rotation": 180, "texture": "#boat"},
				"up": {"uv": [0.875, 3.875, 1, 4.625], "rotation": 270, "texture": "#boat"},
				"down": {"uv": [1.875, 3.875, 2, 4.625], "rotation": 270, "texture": "#boat"}
			}
		},
		{
			"name": "chest_top",
			"from": [2, 16, 10],
			"to": [14, 20, 22],
			"faces": {
				"north": {"uv": [1.5, 8.875, 3, 9.375], "texture": "#boat"},
				"east": {"uv": [0, 8.875, 1.5, 9.375], "texture": "#boat"},
				"south": {"uv": [4.5, 8.875, 6, 9.375], "texture": "#boat"},
				"west": {"uv": [3, 8.875, 4.5, 9.375], "texture": "#boat"},
				"up": {"uv": [1.5, 7.375, 3, 8.875], "rotation": 180, "texture": "#boat"},
				"down": {"uv": [0, 0, 0, 0], "texture": "#boat"}
			}
		},
		{
			"name": "chest_clasp",
			"from": [7, 13, 9],
			"to": [9, 17, 10],
			"faces": {
				"north": {"uv": [0.125, 7.5, 0.375, 8], "texture": "#boat"},
				"east": {"uv": [0, 7.5, 0.125, 8], "texture": "#boat"},
				"south": {"uv": [0, 0, 0, 0], "texture": "#boat"},
				"west": {"uv": [0.375, 7.5, 0.5, 8], "texture": "#boat"},
				"up": {"uv": [0.125, 7.375, 0.375, 7.5], "texture": "#boat"},
				"down": {"uv": [0.375, 7.375, 0.625, 7.5], "texture": "#boat"}
			}
		},
		{
			"name": "chest_bottom",
			"from": [2, 8, 10],
			"to": [14, 16, 22],
			"faces": {
				"north": {"uv": [1.5, 11, 3, 12], "texture": "#boat"},
				"east": {"uv": [0, 11, 1.5, 12], "texture": "#boat"},
				"south": {"uv": [4.5, 11, 6, 12], "texture": "#boat"},
				"west": {"uv": [3, 11, 4.5, 12], "texture": "#boat"},
				"up": {"uv": [0, 0, 0, 0], "texture": "#boat"},
				"down": {"uv": [0, 0, 0, 0], "texture": "#boat"}
			}
		}
	],
	"display": {
		"thirdperson_righthand": {
			"rotation": [75, 45, 0],
			"translation": [0, 2.5, 0],
			"scale": [0.375, 0.375, 0.375]
		},
		"firstperson_righthand": {
			"rotation": [0, 45, 0],
			"translation": [0, 1.5, 0],
			"scale": [0.4, 0.4, 0.4]
		},
		"ground": {
			"translation": [0, 3, 0],
			"scale": [0.25, 0.25, 0.25]
		},
		"gui": {
			"rotation": [30, 135, 0],
			"scale": [0.45, 0.45, 0.45]
		},
		"head": {
			"translation": [0, 13, 0]
		},
		"fixed": {
			"rotation": [0, 90, 0],
			"scale": [0.5, 0.5, 0.5]
		}
	}
}