{
	"credit": "Made with Blockbench",
	"ambientocclusion": false,
	"textures": {
		"dripstone": "projectvibrantjourneys:block/icicle_model_tip",
		"particle": "block/ice"
	},
	"elements": [
		{
			"from": [6, 0, 6],
			"to": [10, 6, 10],
			"faces": {
				"north": {"uv": [0, 4, 4, 10], "texture": "#dripstone"},
				"east": {"uv": [0, 4, 4, 10], "texture": "#dripstone"},
				"south": {"uv": [0, 4, 4, 10], "texture": "#dripstone"},
				"west": {"uv": [0, 4, 4, 10], "texture": "#dripstone"},
				"up": {"uv": [0, 0, 4, 4], "texture": "#dripstone"},
				"down": {"uv": [0, 12, 4, 16], "texture": "#dripstone", "cullface": "down"}
			}
		},
		{
			"from": [8, 6, 6],
			"to": [10, 11, 8],
			"faces": {
				"north": {"uv": [6, 11, 8, 16], "texture": "#dripstone"},
				"east": {"uv": [6, 11, 8, 16], "texture": "#dripstone"},
				"south": {"uv": [6, 11, 8, 16], "texture": "#dripstone"},
				"west": {"uv": [6, 11, 8, 16], "texture": "#dripstone"},
				"up": {"uv": [6, 9, 8, 11], "texture": "#dripstone"}
			}
		}
	]
}