{
	"credit": "Made with Blockbench",
	"parent": "minecraft:block/thin_block",
	"ambientocclusion": false,
	"textures": {
		"crystals": "quark:block/red_corundum_cluster_model",
		"particle": "quark:block/red_corundum"
	},
	"elements": [
		{
			"from": [5, 0, 5],
			"to": [11, 10, 11],
			"faces": {
				"north": {"uv": [0, 6, 6, 16], "texture": "#crystals"},
				"east": {"uv": [0, 6, 6, 16], "texture": "#crystals"},
				"south": {"uv": [0, 6, 6, 16], "texture": "#crystals"},
				"west": {"uv": [0, 6, 6, 16], "texture": "#crystals"},
				"up": {"uv": [0, 0, 6, 6], "texture": "#crystals"},
				"down": {"uv": [0, 0, 6, 6], "rotation": 180, "texture": "#crystals", "cullface": "down"}
			}
		},
		{
			"from": [10, 0, 11],
			"to": [13, 7, 14],
			"faces": {
				"north": {"uv": [6, 6, 3, 13], "texture": "#crystals"},
				"east": {"uv": [2, 6, 5, 13], "texture": "#crystals"},
				"south": {"uv": [3, 6, 0, 13], "texture": "#crystals"},
				"west": {"uv": [3, 6, 6, 13], "texture": "#crystals"},
				"up": {"uv": [9, 3, 6, 0], "rotation": 180, "texture": "#crystals"},
				"down": {"uv": [6, 3, 3, 6], "rotation": 180, "texture": "#crystals", "cullface": "down"}
			}
		},
		{
			"from": [2, 0, 10],
			"to": [5, 5, 13],
			"faces": {
				"north": {"uv": [3, 6, 6, 11], "texture": "#crystals"},
				"east": {"uv": [6, 6, 3, 11], "texture": "#crystals"},
				"south": {"uv": [2, 6, 5, 11], "texture": "#crystals"},
				"west": {"uv": [3, 6, 0, 11], "texture": "#crystals"},
				"up": {"uv": [9, 6, 6, 3], "rotation": 180, "texture": "#crystals"},
				"down": {"uv": [6, 3, 3, 6], "rotation": 90, "texture": "#crystals", "cullface": "down"}
			}
		},
		{
			"from": [3, 0, 2],
			"to": [6, 6, 5],
			"faces": {
				"north": {"uv": [3, 6, 0, 12], "texture": "#crystals"},
				"east": {"uv": [3, 6, 6, 12], "texture": "#crystals"},
				"south": {"uv": [6, 6, 3, 12], "texture": "#crystals"},
				"west": {"uv": [2, 6, 5, 12], "texture": "#crystals"},
				"up": {"uv": [9, 6, 6, 3], "rotation": 180, "texture": "#crystals"},
				"down": {"uv": [6, 3, 3, 6], "texture": "#crystals", "cullface": "down"}
			}
		},
		{
			"from": [11, 0, 3],
			"to": [14, 5, 6],
			"faces": {
				"north": {"uv": [2, 6, 5, 11], "texture": "#crystals"},
				"east": {"uv": [3, 6, 0, 11], "texture": "#crystals"},
				"south": {"uv": [3, 6, 6, 11], "texture": "#crystals"},
				"west": {"uv": [6, 6, 3, 11], "texture": "#crystals"},
				"up": {"uv": [9, 6, 6, 3], "rotation": 180, "texture": "#crystals"},
				"down": {"uv": [3, 6, 6, 3], "rotation": 90, "texture": "#crystals", "cullface": "down"}
			}
		},
		{
			"from": [5, 10, 5],
			"to": [8, 12, 8],
			"faces": {
				"north": {"uv": [0, 8, 3, 10], "texture": "#crystals"},
				"east": {"uv": [3, 8, 0, 10], "texture": "#crystals"},
				"south": {"uv": [3, 6, 0, 8], "texture": "#crystals"},
				"west": {"uv": [0, 6, 3, 8], "texture": "#crystals"},
				"up": {"uv": [0, 0, 3, 3], "texture": "#crystals"}
			}
		}
	]
}