{
	"variants": {
	  "facing=down": {
		"model": "quark:block/blue_corundum_cluster",
		"x": 180
	  },
	  "facing=east": {
		"model": "quark:block/blue_corundum_cluster",
		"x": -90,
		"y": 270
	  },
	  "facing=north": {
		"model": "quark:block/blue_corundum_cluster",
		"x": -90,
		"y": 180
	  },
	  "facing=south": {
		"model": "quark:block/blue_corundum_cluster",
		"x": -90
	  },
	  "facing=up": {
		"model": "quark:block/blue_corundum_cluster"
	  },
	  "facing=west": {
		"model": "quark:block/blue_corundum_cluster",
		"x": -90,
		"y": 90
	  }
	}
  }