{
	"credit": "Made with Blockbench",
	"ambientocclusion": false,
	"textures": {
		"dripstone": "immersive_weathering:block/icicle_model_middle",
		"particle": "block/ice"
	},
	"elements": [
		{
			"from": [3, 8, 3],
			"to": [12, 16, 12],
			"faces": {
				"north": {"uv": [0, 8, 9, 16], "texture": "#dripstone"},
				"east": {"uv": [0, 8, 9, 16], "texture": "#dripstone"},
				"south": {"uv": [0, 8, 9, 16], "texture": "#dripstone"},
				"west": {"uv": [0, 8, 9, 16], "texture": "#dripstone"},
				"up": {"uv": [7, 0, 16, 9], "texture": "#dripstone"},
				"down": {"uv": [7, 0, 16, 9], "texture": "#dripstone"}
			}
		},
		{
			"from": [3, 0, 4],
			"to": [12, 8, 13],
			"faces": {
				"north": {"uv": [0, 8, 9, 16], "texture": "#dripstone"},
				"east": {"uv": [0, 8, 9, 16], "texture": "#dripstone"},
				"south": {"uv": [0, 8, 9, 16], "texture": "#dripstone"},
				"west": {"uv": [0, 8, 9, 16], "texture": "#dripstone"},
				"up": {"uv": [7, 0, 16, 9], "texture": "#dripstone"},
				"down": {"uv": [7, 0, 16, 9], "texture": "#dripstone"}
			}
		}
	]
}